"record_id","cr","es"
"test_1",3.33333333333333,2.75
"test_2",3.16666666666667,2.5
"test_3",4.33333333333333,4.25
